title,price,bedrooms,location,description,scraped_at
"Lasalle, Grand 4½, NEUF, Tout inclus, Parking gratuit",150000,,"Cavelier Park, Montréal","STYLE CONDO MODERNE au prix d’un appartement. Inclus : Chauffage, éclairage, eau chaude, poêle & frigo, parking extérieur gratuit & possibilité parking intérieur ($), Cuisine avec îlot et salon aire .",2025-09-25 15:53:33.422857
Cession de bail - 4 1/2 St-Henri – 1975$/mois - 450$ Bonus Appro,197500,,"Saint-Henry, Montreal",CESSION DE BAIL — 4 ½ RÉNOVÉ • SAINT-HENRI • 1 975 $/mois • Bonus 450$ à l’abbrobation de crédit du proprio Dispo 1er oct ou 1er Novembre • Cuisine moderne • Lave-vaisselle • laveuse-sécheuse • 2 ...,2025-09-25 15:53:33.436124
Super 4-1/2 Avenue Kent - Darlington/Van Horne/Outremont,150000,,Montreal,"Super Appartements sur Kent Av., Outremont 4-1/2 à louer entièrement rénové 1500.00$ Inclue Réfrigérateur et Cuisinière Entrées laveuse et sécheuse À 5 minutes à pied du centre commercial (Métro, ...",2025-09-25 15:53:33.436732
Grands 4 1/2 NEUFS Métro Pie-IX (1er mois GRATUIT),197500,,"Hochelaga-Maisonneuve, Montréal","✨Grand 4½ Neufs - Hochelaga✨ ***premier mois gratuit*** Octobre ou Novembre 2025 Projets locatifs neufs près du Métro Pie-IX/Viau, Marché Maisonneuve, Parc Olympique, Promenade Ontario ...",2025-09-25 15:53:33.437986
renovated studio apartment near blvd Saint-Larent - ID 1617,109500,0.0,Montreal,"Semi-renovated Akelius studio apartment for rent. Located near saint-laurent in the Plateau Mont-Royal neighborhood, Montreal. studio semi-rénové - 1 salle de bain - étage 3 - environ 250 pieds ...",2025-09-25 15:53:33.438604
Super 4-1/2 Crémazie Ouest / Parc Extension,155000,,City of Montréal,"Super Appartements au Crémazie Ouest, Nouvellement Rénovés 4-1/2 à louer 1550.00$ Inclue Frigo, Cuisinière et Eau Chaud Stationnement disponible (extra) À distance de marche du centre commercial ...",2025-09-25 15:53:33.439362
Big 5 1/2 apartment for rent,185000,3.0,"Saint-Michel, Montréal","Big 5 1/2 Fully renovated apartment in Montreal-Nord area, located on the 1st floor of a triplex on a quiet street, Around 1050 square feet, open space with 3 bedrooms, private balcony on the rear ...",2025-09-25 15:53:33.439806
7 ½ Près d’Oratoire St Joseph,285000,4.0,"Côte-des-Neiges, Montreal","Magnifique 7 ½ de 1800 pc, avec 4 chambres fermées, 2 salles de bain entièrement rénovées, salon double, 2 balcons, étage 5/5 (penthouse, avec une belle vue, juste à côté de la forêt). Cuisine neuve, ",2025-09-25 15:53:33.440686
"Spacious 5 ½ Lower Duplex in NDG – Fully Renovated, Near Loyola",249500,,"Lucien L'Allier, Montreal","Bright, Clean, and Fully Renovated 5 ½ Lower Duplex – NDG West, Near Loyola Campus This spacious ground floor unit offers the perfect mix of comfort and convenience in a prime location. Features 3 ...",2025-09-25 15:53:33.441041
Grand2 1/2avec électroménagers/internet/électros etstationnement,99500,1.0,"Viauville, Montréal","Grand 2 1/2 situé à Hochelaga-Maisonneuve disponible dans l’est au 2e étage, 1 chambre semi fermée, 2 garde-robes, salon/cuisine et 1 salle de bain. Cachet d’époque, Balcon et stationnement arrière. .",2025-09-25 15:53:33.441461
"Face Localisation +++, rdc de triplex 51/2 rénové 3ch cour+5 él.",265000,3.0,"Parc-Lafontaine, City of Montréal","Bienvenue dans ce charmant rez-de-chaussée de triplex 5 1/2, idéalement situé face au magnifique Parc Lafontaine. Ce logement rénové offre 3 chambres à coucher et une cour intime parfaite pour se ...",2025-09-25 15:53:33.442005
Downtown Montreal Rent 2 bedroom,190000,2.0,"Quartier-des-Spectacles, City of Montréal",Location: 1200 Saint-Alexandre Street in downtown Montreal. Please do not contact me directly - posting on behalf on landlord. Visit Centris for the contact information and full listing: ...,2025-09-25 15:53:33.442447
GRAND 4 1/2 AHUNTSIC RÉNOVÉ,130000,,"Ahuntsic, Montreal","GRAND 4 1/2 ENTIÈREMENT RÉNOVÉ DANS 12PLEX PROPRE ET TRANQUILLE DERNIER ÉTAGE. PRÈS PARC DE LA MERCI, BOULEVARD GOUIN, PISTE CYCLABLE, ÉCOLES, CENTRE D'ACHAT, BUS 69, 179, 180. A 10 MINUTES DU NÉTRO .",2025-09-25 15:53:33.442895
PLATEAU MONT ROYAL Condo 2 chambres terrasse,195000,2.0,"Mile End, Montréal","VISITES SAMEDI 27 SEPTEMBRE À PARTIR DE 16h30 merci de réserver votre créneau Disponible de suite, Loyer 1950 $ Condo sur le plateau, grand 4 1/2 (superficie brute de 1080 pi.ca) au niveau terrasse ..",2025-09-25 15:53:33.443371
4 1-2 sur le Plateau,159500,,"Mile End, Le Plateau-Mont-Royal",*je ne reponds pas à 'est-ce que c'est toujours disponible'* *I won't respond to 'is this still available' Transfert de bail pour 1 novembre ou 1 decembre Un 4 1-2 (deux chambres fermées) avec salon .,2025-09-25 15:53:33.443803
Studio Condo for rent,125000,0.0,"Griffintown, City of Montréal","**Condo for Rent** Newly built in 2022, this high-end studio apartment in Griffintown offers 500 square feet of stylish living space. The building features great amenities, including a gym and an ...",2025-09-25 15:53:33.444122
Apartment,70000,,"Côte-des-Neiges, City of Montréal","Type of Rental: Sublet until the end of December (with the possibility of extension upon mutual agreement) Room Details: A large, bright, and clean bedroom (unfurnished) Located in a two-bedroom unit ",2025-09-25 15:53:33.444429
"3 1/2 meublé, métro Berri-UQAM, ETS, UQAM, CHUM",124500,,"Gay Village, City of Montréal","Appartement meublé à louer – 1 MIN DU MÉTRO Beaudry. Disponible dès le 1 octobre 2025. Situé à seulement 1 minute à pied du métro Beaudry, et 10min à pied de Berri-UQAM ! Cet appartement offre un ...",2025-09-25 15:53:33.444747
Maison de ville à louer à Montréal (DDO),275000,4.0,"Westwood Park, City of Montréal","Spacieuse Maison de Ville 4 Chambres, 3 Salles de Bain – Entièrement Rénovée! ✅ (514) 500-8686 ✅ 4 grandes chambres & 3 salles de bain ✅ Sous-sol séparé et insonorisé – parfait pour adolescents ou ...",2025-09-25 15:53:33.445202
4 1/2 apartment for rent,150000,,"Marie Claire Daveluy Park, City of Montréal","Welcome to this spacious 4 1/2 apartment, offering comfort and convenience in a prime location. This well-maintained unit features a modern kitchen, a bright living area, and generously sized ...",2025-09-25 15:53:33.445803
3 1/2 À LOUER/FOR RENT PLATEAU MONT-ROYAL/DOWNTOWN,125000,1.0,"Milton-Parc, Montreal","Beau 3 ½ au Plateau Mont-Royal – 1250 $ 3441 rue Jeanne-Mance, au cœur du Plateau, à proximité de Place des Arts, Université McGill et Concordia. ✨ Détails : 1 chambre fermée Eau chaude incluse ...",2025-09-25 15:53:33.447037
One month free!,145000,,"Hochelaga-Maisonneuve, City of Montréal","1 MONTH FREE – Pay Only $1,329/Month Effective! (Lease at $1,450/month – last month FREE) Stylish Renovated 1-Bedroom – Metro & Park Next Door Move into this beautifully updated apartment where ...",2025-09-25 15:53:33.448372
Le Côte Sainte-Catherine - 2 Bedroom Apartment for Rent,155000,2.0,Montréal,Visitez notre site Web : https://www.capreit.ca/fr/appartements-a-louer/montreal-qc/le-cote-sainte-catherine/ LeCôteSainte-Catherine est un complexe regroupant 4édifices situés dans le quartier ...,2025-09-25 15:53:33.449105
Le Côte Sainte-Catherine - 1 Bedroom Apartment for Rent,119500,1.0,Montréal,Visitez notre site Web : https://www.capreit.ca/fr/appartements-a-louer/montreal-qc/le-cote-sainte-catherine/ LeCôteSainte-Catherine est un complexe regroupant 4édifices situés dans le quartier ...,2025-09-25 15:53:33.449720
"6 1/2 sur Saint Denis, pres du metro mont-royal",199500,,"Jarry Park, Montréal","Veuillez svp lire le texte au complet avant de nous contacter, aux coordonnees et selon l'horaire mentionnes: Edifice NON-FUMEUR et les chiens ne sont pas acceptes (peu importe la taille)! ...",2025-09-25 15:53:33.450078
"4 1/2 rue Swail, pres CDN/QMary, OCTOBRE",135000,,Montréal,"Veuillez svp lire le texte au complet avant de nous contacter, aux coordonnees et selon l'horaire mentionnes: Edifice NON-FUMEUR et les chiens ne sont pas acceptes (peu importe la taille)! ...",2025-09-25 15:53:33.450360
"4 1/2 , Plateau Mt-Royal, OCTOBRE",159500,,Montréal,"Veuillez svp lire le texte au complet avant de nous contacter, aux coordonnees et selon l'horaire mentionnes: Edifice NON-FUMEUR et les chiens ne sont pas acceptes (peu importe la taille)! ...",2025-09-25 15:53:33.450781
"5 1/2, rue Lacombe, 3 chambres, Septembre",165000,3.0,Montréal,"Veuillez svp lire le texte au complet avant de nous contacter, aux coordonnees et selon l'horaire mentionnes: Edifice NON-FUMEUR et les chiens ne sont pas acceptes (peu importe la taille)! ...",2025-09-25 15:53:33.451121
"6 1/2, sur Cote-des-Neiges, pres QMary,",195000,,Montréal,"Veuillez svp lire le texte au complet avant de nous contacter, aux coordonnees et selon l'horaire mentionnes: Edifice NON-FUMEUR et les chiens ne sont pas acceptes (peu importe la taille)! ...",2025-09-25 15:53:33.451426
"3 1/2, Cote-des-Neiges, pres E-Montpetit, SEPTEMBRE",115000,,Montréal,"Veuillez svp lire le texte au complet avant de nous contacter, aux coordonnees et selon l'horaire mentionnes: Edifice NON-FUMEUR et les chiens ne sont pas acceptes (peu importe la taille)! ...",2025-09-25 15:53:33.451706
"5 1/2 Lachine électros inclus, garage, balcon",180000,,"Dixie, Montreal","885 55e Av.Montréal, QC H8T 3B5 Français en bas. Available immediately! Bright and spacious 3-bedroom, 1-bathroom apartment on the second floor of a duplex. Large windows fill the unit with natural ..",2025-09-25 15:53:33.452283
Style Condo 4 1/2 Ouest de l'ile PRES DE TOUT,139500,,"Heritage on the Lake, Montreal",Très Grand - complètement rénové - 4 1/2:  • Espace de rangement intérieur  • Balcon pour BBQ  • Plancher en bois flottant neufs  • Grande cuisine neuve  • Espace pour laveuse et sècheuse  • Salle de ,2025-09-25 15:53:33.452730
métro honoré Beaugrand: studios tout inclus LIbres,110000,0.0,montreal,il reste 4 studios pour le 1er octobre soit 201 de 349 pieds carrés a 1250$ 305 de 241 peids carrés a 1100$ 206 de 215 pieds carrés a 925$ plusieurs autres options pour le 1er septembre construction .,2025-09-25 15:53:33.453081
METRO BERRI. libre TOUT INCLUS octobre 2025,105000,,"Gay Village, montreal","lumineux et ensoleillé. Beaucoup de charme. Tout meublé et tout équipé. Chauffage et électricité compris. Compris: Chauffage, électricité, télévision. internet haute vitesse inclus Laveuse et ...",2025-09-25 15:53:33.453364
"métro Berri, rue st Hubert septembre 2025",120000,,City of Montréal,"grand 2 1/2 quartier des spectacles. proche de l'UQAM. la cuisine est en retrait de la chambre ce qui est beau plus pour ce logement. ce qui est inclus: les charges, les meubles un acces a une ...",2025-09-25 15:53:33.453781
Studio métro laurier novembre  STUDIO MEUBLÉ,105000,0.0,City of Montréal,"STUDIOS A LOUER Superbe 1 1/2 (studio) fraîchement rénové sur le Plateau LOCATIONS POUR 1 AN les logements sont non fumeurs, pas de majijuana non plus pas d'animaux Emplacement idéal, à une rue du ...",2025-09-25 15:53:33.454127
Métro Berri/ libre octobre   meublé,120000,0.0,montreal,Situé sur la rue st hubert. ce logement est un studio donc une piecea vivre avec une cuisine en retait et une salle de bain avec une grande douche. les inclusions: les meubles sur les photos ...,2025-09-25 15:53:33.454607
"Metro Berri, studio tout inclus octobre 2025",103000,0.0,City of Montréal,"Quartier des spectacles. Sera libre au 1er octobre 2025 location de 12 mois, pour une periode plus courte, ce sera du cas par cas a voir avec Monica Studio charges incluses. Il est situé au sous-sol .",2025-09-25 15:53:33.455320
"Métro Laurier, studio meublé octobre 2025",103000,0.0,"Parc-Laurier, montreal","Métro, parc laurier, ce studio est idealement situé. inclusions: frigo, plaque de cuisson lit/matelas et divers objets exclusions: electricité pas de literie ou vaisselle. Ce logement est non fumeur .",2025-09-25 15:53:33.455843
"métro laurier, studio 1/2 sous sol meublé, charges incluses OCT",110000,0.0,City of Montréal,"tres proche du metro. le logement dispose d'une entree independante au besoin. meublé, charges incuses, vous pouvez avoir acces au wifi avec 20$/mois supplementaire. PS: notez qu'une autre unité sur .",2025-09-25 15:53:33.456648
"Métro Laurier, studio meublé: septembre",103000,0.0,City of Montréal,"Logement meublé. 5 mn a pied du metro laurier Ces unités sont situées dans un immeuble locatif. Il s'agit d'une pièce à vivre avec un coin cuisine. Inclusions : Un lit double, une table avec 2 ...",2025-09-25 15:53:33.457103
"grand studio metro berri, meublé charges incluses LIBRE",113000,0.0,"Gay Village, City of Montréal","a louer des le 1er septembre. ce logement est a quelqeus minutes de marche de la stion de metro berri mais aussi tout pres de l'UQAM. sur la rue st hubert proche d'ontario , de nombreux commerces de .",2025-09-25 15:53:33.457490
"métro Berri, LIbre 1er octobrel, studio mezzanine tout inclus",113000,0.0,"Gay Village, montreal","Le metro Berri, le quartier des spectacles en plein centre ville. Ce studio se situe dans un immeuble de 12 logements. Il est au 2eme etage. Une piece a vivre avec un coin cuisine et le lit (double) .",2025-09-25 15:53:33.457841
"métro laurier, studio meublé. charges non inlcuses",105000,0.0,City of Montréal,"situé tout prêt du metro laurien. moins de 10 mn. proche du parc laurier. situdio meubé. l'essentiel est la plaque de cuisson a induction , frigo , le lit, table, 2 chaises, une commode et parfois un ",2025-09-25 15:53:33.458350
4 1/2 rénové et disponible rue Judith-Jasmin à Anjou,137500,,"Lucie-Bruneau Park, Montréal","Très grand 4 1/2 à louer, Immeuble en béton insonorisé. Secteur paisible. Arbres matures. Conciergerie sur place. Plancher flottant, balcon, eau chaude incluse, buanderie sur place. Près du boul. des ",2025-09-25 15:53:33.458767
À LOUER 2 ½ meublé et équipé Plateau-Mont-Royal (1 mois gratuit),142000,,"De Lorimier, Montréal","À LOUER – 2 ½ rénové avec balcon et au cachet unique – Entièrement meublé et équipé – Au cœur du Plateau-Mont-Royal Disponible immédiatement ou bien dès le 1er octobre — 1 420 $/mois, tout inclus ...",2025-09-25 15:53:37.090831
Super 4-1/2 Avenue Kent - Darlington/Van Horne/Outremont,150000,,Montreal,"Super Appartements sur Kent Av., Outremont 4-1/2 à louer entièrement rénové 1500.00$ Inclue Réfrigérateur et Cuisinière Entrées laveuse et sécheuse À 5 minutes à pied du centre commercial (Métro, ...",2025-09-25 15:53:37.091111
2.5 Studio condo tout inclus a louer Sud Ouest Griffin Square,152000,0.0,Montreal,Appartement a louer-logement locatif-apartment for rent-condo rental-2.5 2 1/2 Studio-Griffintown-Southwest-Sud oust-centre ville downtown-old port vieux montreal-cite multimedia-all included tout ...,2025-09-25 15:53:37.091355
"Superbe 5½, rénové, lumineux, chauffé, prêt pour 01/10",259500,2.0,"Notre-Dame-de-Grâce, Montreal","- Spacieux et lumineux 5½, 2 chambres fermées, situé au 1er étage, face à un beau parc. - Chauffage, eau chaude inclus. - Rénovations faites tout en conservant le charme art déco du logement. Foyer ..",2025-09-25 15:53:37.091755
4.5 Condo Appartement à louer-GRIFFINTOWN-tout inclus-WillRich,232500,2.0,City of Montréal,"logement locatif apartment for rent, 2cc 4 1/2, 2 bedrooms/chambres, Sud-Ouest, Canal Lachine-Centre-Ville Montréal/Downtown-Marché Atwater-métro Lionel-Groulx, George Vanier-rue Notre-Dame Les ...",2025-09-25 15:53:37.092013
Super 3-1/2  Crémazie Ouest / Parc Extension,125000,,Montreal,"Super Appartements au Crémazie Ouest, Nouvellement Rénovés 3-1/2 à louer entièrement rénové $1250+ Inclue Réfrigérateur, Cuisinière et Eau Chaud À distance de marche du centre commercial Rockland et .",2025-09-25 15:53:37.092276
2 1/2 available at Ahuntsic,100000,,"Saint Benoît Park, Montréal",Nice 2 1/2 available and renovated at Ahuntsic very close to the Marche Central and all amenities.,2025-09-25 15:53:37.092492
3 1/2 for Rent at Ahuntsic,140000,,"Saint Benoît Park, Montréal",Beautiful 3 1/2 for rent at Ahuntsic close to the Marche Central. Good location and close to everything. The apartment is completely renewed.,2025-09-25 15:53:37.092766
HOCHELAGA MAISONNEUVE 5 1/2 CHAUFFE $1750/mois,175000,3.0,"Hochelaga-Maisonneuve, City of Montréal","⭐️Piex 5 1/2 a louer DISPO MAINTENANT 1750$ 3 chambres fermez, cuisine , dalle de bain, salon. HEATED GAZ INCLUDED ✅ Prise pour laveuse secheuse ✅ En face de stade tres accessible metro piex PARFAITS ",2025-09-25 15:53:37.104049
"Plateau, beau 5 1/2 rue Chapleau, chauffage et eau chaude inclus",155000,2.0,"De Lorimier, Le Plateau-Mont-Royal","Plateau, beau 5 1/2 rue Chapleau, chauffage et eau chaude inclus, 2 Chambres fermées, plancher de bois franc, entrée lav/séc, 3 ième, 2 balcons dont un grand balcon terrasse, $1550, libre, ...",2025-09-25 15:53:37.104440
Cession de bail 4 et demi,159000,,"Hochelaga-Maisonneuve, Mercier-Hochelaga-Maisonneuve","Cession de bail pour le 1er novembre, possibilité d’acheter des meubles et electros ( laveuse, secheuse, poele et frigo? Immeuble tres recent et tres bien isolé. À 6mn a pieds du metro pie IX. ...",2025-09-25 15:53:37.104762
Magnifique 3 1/2 à louer-clé en main!,150000,,"Hochelaga-Maisonneuve, City of Montréal","Entièrement rénové, ce logement est offert complètement meublé. Tout inclus: électricité +WI-FI. Idéalement situé dans le quartier dynamique et branché d’Hochelaga, à deux pas des transports en ...",2025-09-25 15:53:37.105064
Affordable Luxurious Studio in Plateau,112500,0.0,"Saint-Louis, Montréal","Promo - $1225 instead of $1350 for the first 12 months. Newly renovated affordable studio in the middle of Plateau Mont-Royal. 10 min walk to both metro stations, Sherbrooke and Mont-Royal. Cafes and ",2025-09-25 15:53:37.105358
Magnificient 1 bed room condo with indoor garage,139000,,"Eastern Junction, Montreal","Available Nov 1st 2025 Spacious and bright open-concept 2-bedroom condo, well laid out, with large windows and plenty of natural light. The main living area is open concept and welcoming, featuring a ",2025-09-25 15:53:37.105668
"4 1/2 Anjou , paisible, libre immédiatement. 1650$/ mois",165000,,"Peterborough Park, Montréal","Grand 4 1/2 Anjou, 3 ème étage d'un 7 plex tranquille. Grande luminosité, rénové, entrée lav/sec, Plancher de bois franc, Non fumeur, pas de chien, enquête de crédit et au TAL, référence 1650$/ mois. ",2025-09-25 15:53:37.105970
31/2 MONTREAL DOWNTOWN/1370$/CALL: (438) 873 - 8708,137000,2025.0,"Centre-Sud, Montreal","Rent: $1,370 / month Availability: October 1 or November 1, 2025 Bright, airy, and full of character, this top-floor 3 ½ is a hidden gem in one of Montreal’s most coveted neighborhoods. On a peaceful ",2025-09-25 15:53:37.106262
"6 1/2 dans Homa, près du marché Maisonneuve",175000,,"Centre-Sud, Montreal","Grand Appartement à 2 salons doubles situé rue Sicard entre Adam et Lafontaine. Rue tranquille, parc pour enfants juste à côté. Beaucoup de vie dans le quartier. -5 Électros inclus (cuisinière, ...",2025-09-25 15:53:37.106556
Beautiful 4.5 Apartment in Verdun – Sublease from November 1st!,173600,,"Verdun, Montreal","Beautiful 4.5 Apartment in Verdun – Sublease from November 1st! Location: 4e Avenue, Verdun – just steps from lively Wellington Street Move-in: November 1st Lease until: August 2026 (renewable) Rent: ",2025-09-25 15:53:37.106860
Montréal-Nord - Appartement à louer - Apartement to rent 6 ½,126000,,"Pilon Park, City of Montréal","Montréal-Nord Appartement à louer , Lumineux et grand 6 ½ - Apartement to rent, Bright and large 6 ½ More info via this link: ...",2025-09-25 15:53:37.107146
Lachine Condos 1-2-3 Bedrooms • Near Lasalle,167500,3.0,"Lasalle Park, Lachine","Contact us at 514-513-7222 Experience the ultimate in modern living with our new apartments in a high-rise building in the heart of Lachine. Offering top-of-the-line amenities, unmatched convenience, ",2025-09-25 15:53:37.107417
Studio with indoor garage close to Angrignon metro AVAILABLE NOW,115000,0.0,"Angrignon, Montréal","Studio Apartment for Rent (https://youtube.com/shorts/TfYmIpmR11E) Available immediately. Located just steps away from Carrefour Angrignon and Metro Angrignon. Includes: -Refrigerator, stove, ...",2025-09-25 15:53:37.107717
logement 4½ métro ibeville,165000,,"Saint-Michel, Montréal","4½ en face de l'école primaire Saint Mathieu et deux coins de rue pour métro Saint Michèle et Iberville, marché Tradition à côté du métro Iberville. disponible pour septembre. Entrées laveuse et ...",2025-09-25 15:53:37.107956
Appartement 4 1/2 Rue Masson (meublé ou non),130000,,"Old Rosemont, Montreal",Appartement 4 1/2 sur rue Masson Possibilité de racheter les meubles pour un montant de 2000$. Les meubles sont : canapé 1 lit double 1 lit queen size Barbecue Machine à laver Four Pouffe (siège) ...,2025-09-25 15:53:37.108203
Transfert de bail – 4 1/2 moderne au centre-ville de Montréal,305000,2.0,"Quartier-des-Spectacles, Montréal","Condo / Appartement de prestige / Sous-location 2 chambres, 2 salles de bain (4 1/2) à louer Centre-Ville Montréal (Ville-Marie) --- 1180 Rue de Bleury. Disponible dès décembre : Magnifique ...",2025-09-25 15:53:37.108457
Parc-Extension 5 1/2 chauffé Disponible maintenant 1850$/mois,185000,3.0,"Parc-Extension, Montréal Parc-Extension","Appartement / Logement 3 chambres 5 1/2 à louer au rez-de-chaussée (Villeray/Saint-Michel/Parc-Extension) --- 8025 Rue Birnam. Chauffage et eau chaude inclus. Non-fumeur, pas d'animaux. 1850$/mois. ..",2025-09-25 15:53:37.108700
2 ÉTAGES GRANDE TERRASSE/2 LEVELS LARGE TERRASSE/DOWNTOWN,219000,,"Centre-Sud, City of Montréal",SUPERBE CONDO 2 ÉTAGES GRANDE TERRASSE PRIVÉE/ VILLE-MARIE *SVP laissez une description de votre profile de locateur. Merci *English version bellow *L’entièreté des meubles dans le logement sont à ...,2025-09-25 15:53:37.108946
Spacieux 3 chambres proche de tout Montréal-Nord 1700$/mois,170000,3.0,"Bourassa, Montréal-Nord","Appartement / Logement 5 1/2 à louer Montréal-Nord --- 11516 Av. Auger. Lumineux, bien entretenu et spacieux, cet appartement de 3 chambres offre un mélange parfait de confort et de commodité. Il ...",2025-09-25 15:53:37.109180
5-1/2 à louer,220000,,"La Petite-Patrie, City of Montréal","Grand 5-1/2 juste rénové à côté metro Fabre. Situé à rue Jean-Talon est. À une minute à pied de l'hôpital Jean-Talon. Face au métro Fabre. Entièrement meublé, prêt à emménager.",2025-09-25 15:53:37.109416
JOLI APPARTEMENT LUMINEUX AU PLATEAU MONT-ROYAL,155000,,"De Lorimier, Montréal","✨Joli appartement lumineux en plein coeur du Plateau situé au croisement avenue Mont Royal/ rue de Bordeaux Rue calme dans quartier dynamique, près du parc des compagnons Proche de tous les commerces ",2025-09-25 15:53:37.109658
Charmant 4 1/2. Métro Cadillac  À côté toutes les services,165000,,"Mercier-Ouest / Longue-Pointe, Mercier-Hochelaga-Maisonneuve",Charmant 4 1/2 rénover. 0.6 km métro Cadillac. A côté de toutes les services. Hôpitaux. Installation olympique. Grande surface. Transports. Autoroute école. Secondaires primaire garderie. Disponible .,2025-09-25 15:53:37.109902
"1 CH - 1 SDB - Montréal - $1,450 /mo",145000,1.0,LAVAL,"Appartement - 202 - Montréal - 1 Chambre(s) à Coucher - 1 Salle(s) de Bain - $1,450 /mo À LOUER – 3 1⁄2 avec 5 électros inclus + rangement – DISPONIBLE 1er SEPTEMBRE 2025 Adresse : 2095 rue Papineau, ",2025-09-25 15:53:37.110151
"4,5 demi sous-sol-1795$ Garage- Rangement intérieur",179500,2.0,Montréal,"Appartement - 12339 - Montréal - 2 Chambre(s) à Coucher - 1 Salle(s) de Bain - $1,795 /mo PROMO OCCUPATION DE RAPIDE Grand 4,5 lumineux en demi sous-sol, situé dans un triplex au 12339 rue ...",2025-09-25 15:53:37.110393
"2 CH - 1 SDB - Montréal - $1,544 /mo",154400,2.0,Montréal,"Appartement - 1 - Montréal - 2 Chambre(s) à Coucher - 1 Salle(s) de Bain - $1,544 /mo Votre nouveau chez-vous – 4 1⁄2 à louer à Mercier, près du métro Radisson 1544 $/mois – Disponible immédiatement",2025-09-25 15:53:37.110631
"1 CH - 1 SDB - Montréal - $1,250 /mo",125000,1.0,Montréal,"Appartement - 704 - Montréal - 1 Chambre(s) à Coucher - 1 Salle(s) de Bain - $1,250 /mo 704 rue Du Quesne, 3 1/3, Montréal, dernier étage, 4 électro de fourni, 1250$, 1 Septembre ll y a la rue Du ...",2025-09-25 15:53:37.110868
"704 rue Du Quesne, Mtl, 4 1/2, 3e étage, Libre, 1196$,",119600,2.0,Montréal,"Appartement - 706 - Montréal - 2Chambre(s) à Coucher - 1 Salle(s) de Bain - $1,196 /mo 704 rue Du Quesne, Mtl, 4 1/2, 3e étage, Libre, 1196$, Option pour 4 électros Charmant petit 4 12 Confort & ...",2025-09-25 15:53:37.111107
1 Bed 1 Bath Apartment - Downtown Hull,132000,,"Centre-Sud, Montreal","Perfectly placed apartment in downtown Hull, Gatineau. One year lease starting November 1st. It has a sunny living room. Washer/dryer available in the basement. The property owner is receptive and ...",2025-09-25 15:53:37.111355
"4,5  A louer / For rent",165000,,"Côte-des-Neiges, City of Montréal","Located at a few minutes walk from the Châteaufort community garden, Kent Park, Ghandi Park and the recently renovated Wilderton Centre. Near CHU Sainte-Justine, UdeM, HEC, metro station and future ..",2025-09-25 15:53:37.111925
3 1/2 meublé tout inclus Métro Atwater,157900,,"Shaughnessy Village, Montréal","3 1/2 TOUT INCLUS METRO ATWATER. 1579$ par mois incluant : - Hydro (Incluant le chauffage) - Cuisine entièrement équipée (four à convection, réfrigérateur, lave-vaisselle, micro-ondes) - Meubles ...",2025-09-25 15:53:37.112165
Apt 4 1/2 - Meublé/Furnished,160000,,"Mercier-Ouest / Longue-Pointe, Montreal",Apartment 4 1/2 meublé bien situé de toutes les facilités dans la région Mercier aux environs du metro Cadillac/Langelier. Hydro aux frais des locatiares. Location temporaire possible ( min 1 mois) ..,2025-09-25 15:53:37.112406
3 1/2 Anjou,110000,,"Roger Rousseau Park, City of Montréal","Beau 3 1/2 à louer – Sous-Sol de Triplex Anjou (près de la Place Chaumont) Spacieux 3 1/2 avec une grande chambre à coucher, situé dans un secteur paisible et recherché d’Anjou. Inclusions : • Stores ",2025-09-25 15:53:37.112648
"PENTHOUSE 2-BEDROOM, 2-BATH CONDO FOR RENT/PENTHOUSE 4 ½ À LOUER",275400,2.0,"Bois-Franc, Saint-Laurent","PENTHOUSE 4 ½ À LOUER – 2 CHAMBRES – 2 SALLES DE BAIN – UNITÉ DE COIN INTÉRIEUR AVEC BALCON – PISCINE, GYM, STATIONNEMENT INTÉRIEUR ET LOCKER Disponibilité : dès le 1er novembre 2025 2 754 $ / mois À ",2025-09-25 15:53:37.113420
3.5 October or November 2025,119500,,"Loyola, Montreal","6205 av. Somerled, H3X 2B5 https://youtube.com/shorts/rRN5IH0D3fA -Located in the heart of NDG -10 minute walk to Monkland Village -Minutes away from Restaurants, Groceries, Dry Cleaning, and much ...",2025-09-25 15:53:37.113671
transfert bail,137300,,"Côte-des-Neiges, City of Montréal",Transfert de bail pour le 1/10/2025,2025-09-25 15:53:37.113881
Cession de bail 3 1/2. Rénové & Lumineux,121000,,"Pilon Park, City of Montréal","Je cède mon bail pour un beau 3 1/2, situé dans un demi-sous-sol très LUMINEUX & MODERNE , dans un quartier calme et près des rues Henri-Bourassa et des Récollets,à deux pas d’un parc. Logement ...",2025-09-25 15:53:37.114126
Plateau Mont-Royal Beau 4 1/2 / Beautiful 4 1/2,285000,,"Little Portugal, Montreal",Beau et grand 4 1/2 sur le boulevard St-Laurent coin Duluth - possibilité d'être meublé. Big and beautiful 4 1/2 on boulevard St-Laurent corner Duluth - can come furnished.,2025-09-25 15:53:37.114352
6 1/2 Villeray 1er novembre,205000,,"Jarry Park, Montreal","À louer – Grand 6 ½ entièrement rénové – Disponible 1er novembre Superbe appartement 6 ½ spacieux et lumineux, fraîchement rénové, situé dans un secteur recherché de Villeray près du métro Crémazie. .",2025-09-25 15:53:37.114580
3.5 condo apparte a louer-libre maintenant-Griffintown-McCord,181000,1.0,Montreal,"Apartment for rent appt logement locatif, 3.5, 3 1/2 1cc, 1 bedroom/chambre, Canal Lachine-Marché Atwater-Sud-Ouest, métro Lionel-Groulx-Georges Vanier, Centre-Ville Montréal/Downtown, rue Notre-Dame ",2025-09-25 15:53:41.068585
5 1/2 Promenade Masson,149500,,"Old Rosemont, Montréal","À deux pas de la promenade Masson. 3eme étage, très lumineux, balcon arrière. Rénové récemment. Libre immédiatement.",2025-09-25 15:53:41.068856
"The Horizon Tower - 1 Bedroom, 1 Bathroom Apartment for Rent",140400,1.0,Montréal,MOVE IN in 2025 and receive up to TWO MONTHS FREE RENT* Contact us today to learn more! * Applies to selected units with an 18-month lease. The two-months free incentive is accounted for in the ...,2025-09-25 15:53:41.069092
Superbe Condo 2 CAC à louer au 1er étage – Projet Cité Midtown,210000,2.0,"Marcel Laurin Park, Montréal","***1881 - rue Suzanne-Coallier in Ville Saint-Laurent. Découvrez ce splendide condo de 2 chambres à coucher situé au 1er étage du prestigieux projet Cité Midtown, offrant à la fois confort et ...",2025-09-25 15:53:41.069358
"Appart tout rénové,  2 chambres, rue Logan,  Village",169500,2.0,"Gay Village, Montréal","Très Mignon 2 chambres fermées, Tout neuf Tout meublé et équipé Balcon arrière, coté soleil Près de tous les services 5 min à pied des stations de métro Papineau et Beaudry Bixi à proximité Immeuble .",2025-09-25 15:53:41.069632
3.5 condo appartement à louer LUXE Old Port Ville Marie-Domo,165000,1.0,City of Montréal,"logement locatif apartment for rent-1 chambres/bedroom, 1cc 3 1/2, Vieux Port Old Montreal, Cite Multimedia, Square-Victoria OACI, Ville-Marie-Centre-Ville downtown *Condos disponibles pour ...",2025-09-25 15:53:41.069901
Beautifull Furnished Condo for rent in Montreal (Beaconsfield),320000,,"Beaconsfield Beach, Beaconsfield",Beautiful corner residence in a horizontal condo. Very quiet. Totally renovated and with a lot of natural light. Ground floor private entrance and terrace. Two bedrooms and 1 bathroom. Fully equipped ,2025-09-25 15:53:41.070540
"Appartement 1 1/2, 2 1/2",95000,0.0,"La Petite-Patrie, Montréal","PROMO- À PARTIR DE 950$ par mois pour les studios selon la superficie et les renovations -BAIL court terme disponible! TOUT INCLUS ! CHAUFFAGE, ELECTRICITE, EAU CHAUDE ET MEUBLES! -WIFI DISPONIBLE ...",2025-09-25 15:53:41.070829
4.5 Condo PENTHOUSE LUXE à louer-Ville-Marie-20e etage,281000,2.0,"Gay Village, Montréal","apartment for rent-logement locatif 2 chambres/bedrooms, 2cc 4.5, 4 1/2, Quartier des spectacles, Ville-Marie-Centre-Ville Montréal, métro Berri-UQAM/Beaudry, CHUM, Hotel Dieu, Notre Dame Hospital, ..",2025-09-25 15:53:41.071087
5.5 PROMO condo appartement a louer Griffintown-Sherwin,318500,3.0,City of Montréal,"Apartment for rent appt logement locatif, 5.5, 5 1/2 3cc, 3 bedrooms/chambres, Canal Lachine-Marché Atwater-Sud-Ouest, métro Lionel-Groulx-Georges Vanier, Centre-Ville Montréal/Downtown, rue ...",2025-09-25 15:53:41.071327
4.5 PROMO condo appartement a louer Griffintown-Sherwin,219000,2.0,City of Montréal,"Apartment for rent appt logement locatif, 4.5, 4 1/2 2cc, 2 bedrooms/chambres, Canal Lachine-Marché Atwater-Sud-Ouest, métro Lionel-Groulx-Georges Vanier, Centre-Ville Montréal/Downtown, rue ...",2025-09-25 15:53:41.071569
3.5 condo appartement luxe à louer à Outremont-Milhaus,165000,1.0,Montreal,"Logement locatif-rental apartment for rent-new neuf 3 1/2, 1cc, 1 bedroom/chambre, Outremont, Campus MIL/Mile-End/Parc-Ex/Mile-Ex/UdeM/Ville de Mont-Royal, Montreal, VMR/TMR MILHAUS: 1150, 1200, 1250 ",2025-09-25 15:53:41.071827
4.5 VACANT-condo appartement luxe à louer à Outremont-Milhaus,239000,2.0,City of Montréal,"Logement locatif-rental apartment for rent-new neuf 4 1/2, 2cc, 2 bedrooms/chambres, Outremont, Campus MIL/Mile-End/Parc-Ex/Mile-Ex/UdeM/Ville de Mont-Royal, Montreal, VMR/TMR MILHAUS: 1150, 1200, ...",2025-09-25 15:53:41.072055
3.5-condo appartement luxe à louer à Outremont-Milhaus,191000,1.0,Montreal,"Logement locatif-rental apartment for rent-new neuf 3 1/2, 1cc, 1 bedrooms/chambres, Outremont, Campus MIL/Mile-End/Parc-Ex/Mile-Ex/UdeM/Ville de Mont-Royal, Montreal, VMR/TMR MILHAUS: 1150, 1200, ...",2025-09-25 15:53:41.072280
3.5 condo appartement neuf locatif Ville-Marie-Jacques,165000,1.0,Montreal,"rental apartment for rent-logement locatif a louer-1 bedroom/chambre-3 1/2-1cc-metro Papineau-ville-marie-quartier des spectacles-vieux old montreal-pont jacques-cartier bridge, Sainte-Marie ...",2025-09-25 15:53:41.072686
5.5 condo appartement neuf locatif Ville-Marie-Jacques,247500,3.0,Montreal,"rental apartment for rent-logement locatif a louer-3 bedrooms/chambres-5 1/2-3cc-metro Papineau-ville-marie-quartier des spectacles-vieux old montreal-pont jacques-cartier bridge, Sainte-Marie ...",2025-09-25 15:53:41.073344
4.5 2sdb PROMO condo appartement a louer Griffintown-McCord,257000,2.0,City of Montréal,"Apartment for rent appt logement locatif, 4.5, 4 1/2 2cc, 2 bedrooms/chambres, Canal Lachine-Marché Atwater-Sud-Ouest, métro Lionel-Groulx-Georges Vanier, Centre-Ville Montréal/Downtown, rue ...",2025-09-25 15:53:41.073863
4.5 condo appartement a louer Ville Saint Laurent-Leora,204000,2.0,City of Montréal,Apartment for rent logement locatif-2 chambres/bedrooms-4.5-4 1/2-2cc-VSL Montreal TMR-Vanier-metro du college de la savane LEORA: Condos locatifs à Ville Saint-Laurent 2125 rue Ward Bienvenue chez ..,2025-09-25 15:53:41.074126
4.5 condo appartement a louer LaSalle MTL-Vida,190000,2.0,City of Montréal,"Logement locatif apartment for rent-4 1/2, 4.5-2cc-2 chambres/bedrooms, VIDA LaSalle, Lachine Canal, metro Angrignon, parc/carrefour Angrignon, place Newman, Shevchenko Découvrez les condos locatifs .",2025-09-25 15:53:41.074373
4.5 condo appartement a louer Ville Marie UQAM-Zenith,214000,2.0,Montréal,"apartment for rent-logement locatif 2 chambres/bedrooms, 2cc 4.5, 4 1/2, Quartier des spectacles, Ville-Marie-Centre-Ville Montréal, métro Berri-UQAM/Beaudry, CHUM, Hotel Dieu, Notre Dame Hospital, ..",2025-09-25 15:53:41.074624
Maison de ville a louer-Townhouse for rent LaSalle MTL-Univert,370000,4.0,LaSalle,"Maison de ville Neuve/New Townhouse for rent LaSalle, Montreal, Sud-Ouest de Montréal, Angrignon, Lachine Canal, 3-4 chambres/bedrooms, 2 salles de bain/bathrooms, 5 1/2, 5.5, 6 1/2, 6.5, sous-sol ...",2025-09-25 15:53:41.074879
4.5 PROMO-condo a louer Quartier des spectacles-Myriade,218000,,Montreal,"Apartment for rent-logement appartement locatif 2cc 2bd 4 1/2, 2-bedroom/chambres-Quartier des Spectacles-Esplanade Tranquille-UQAM-Metro St-Laurent & Place des Arts-McGill-CHUM-Centre-Ville Montréal ",2025-09-25 15:53:41.075132
3.5 PROMO condo appartement a louer Griffintown-Sherwin,169500,1.0,City of Montréal,"Apartment for rent appt logement locatif, 3.5, 3 1/2 1cc, 1 bedroom/chambre, Canal Lachine-Marché Atwater-Sud-Ouest, métro Lionel-Groulx-Georges Vanier, Centre-Ville Montréal/Downtown, rue Notre-Dame ",2025-09-25 15:53:41.075367
4.5 PROMO-Condo appartement NEUF à louer PSC-Erin,239500,2.0,City of Montréal,apartment for rent logement locatif-nouveau new luxe-2 bedrooms/chambres-2cc 4 1/2-Saint Patrick-Charlevoix-Pointe-Saint-Charles-Sud-Ouest Southwest-lachine canal-Montreal *Occupation immédiate / ...,2025-09-25 15:53:41.075598
3.5 condo appt tout inclus a louer Sud Ouest-Griffin Square,160000,1.0,Montreal,Appartement a louer-logement locatif-apartment for rent-condo rental-3.5 1cc 3 1/2 1 bedroom/chambre-Griffintown-Southwest-Sud oust-centre ville downtown-old port vieux montreal-cite multimedia-all ..,2025-09-25 15:53:41.075827
4.5 condo neuf a louer-PENTHOUSE-Ville-Marie Berri UQAM-NuBerri,229000,,"Quartier-des-Spectacles, Montreal","Apartment for rent-logement appartement locatif 2cc 2bd 4 1/2, 2-bedroom/chambres-Quartier des spectacles, Ville-Marie-Centre-Ville downtown Montréal, métro Berri-UQAM/Beaudry, CHUM, Hotel Dieu, ...",2025-09-25 15:53:41.076078
4.5 condo neuf a louer-12e etage-Ville-Marie Berri UQAM-NuBerri,237500,,Montreal,"Apartment for rent-logement appartement locatif 2cc 2bd 4 1/2, 2-bedroom/chambres-Quartier des spectacles, Ville-Marie-Centre-Ville downtown Montréal, métro Berri-UQAM/Beaudry, CHUM, Hotel Dieu, ...",2025-09-25 15:53:41.076343
MDV loft 1cc-condo appartement luxe à louer à Outremont-Milhaus,195000,1.0,City of Montréal,"Logement locatif loft-rental apartment for rent-new neuf 3.5 3 1/2, 1cc, 1 bedroom/chambre, Outremont, Campus MIL/Mile-End/Parc-Ex/Mile-Ex/UdeM/Ville de Mont-Royal, Montreal, VMR/TMR MILHAUS: 1150, ..",2025-09-25 15:53:41.076584
4.5 PROMO-condo a louer loft 2 etages-2 sdb-PSC-Erin,269500,2.0,Montreal,"appartement NEUF logement locatif-2 bedrooms/chambres-4 1/2-2cc maison de ville townhouse-Saint Patrick-metro Charlevoix-Pointe-Saint-Charles-Sud-Ouest Southwest-lachine canal-St-Henri, Montreal ...",2025-09-25 15:53:41.076968
3.5 condo appartement a louer Ville Saint Laurent-Leora,155000,1.0,City of Montréal,Apartment for rent logement locatif-1 chambre/bedroom-3.5-3 1/2-1cc-VSL Montreal TMR-Vanier-metro du college de la savane LEORA: Condos locatifs à Ville Saint-Laurent 2125 rue Ward Bienvenue chez ...,2025-09-25 15:53:41.077235
5.5-Condo à louer 3cc 2sdb TOUT NEUF-TOUT INCLUS Champlain,254500,3.0,City of Montréal,apartment for rent-appartement logement locatif-3 bedrooms/chambres-5 1/2-3cc-metro Papineau-ville-marie-quartier des spectacles-vieux old montreal-pont jacques-cartier bridge *PROMOTION: Recevez 1 ..,2025-09-25 15:53:41.077475
4.5 Appartement neuf à louer Plateau-Mont-Royal-Bloc Rivard,248000,2.0,City of Montréal,Condo rental apartment for rent-logement locatif-2 chambres/bedrooms-4.5-4 1/2-2cc-Plateau-Mont-Royal-Mile-End-Montreal-metros Laurier-Rosemont Saint-Denis-Parc Lafontaine Le Bloc Rivard: 5341-5343 ..,2025-09-25 15:53:41.077716
4.5 PROMO condo appartement a louer Griffintown-McCord,230000,2.0,City of Montréal,"Apartment for rent appt logement locatif, 4.5, 4 1/2 2cc, 2 bedrooms/chambres, Canal Lachine-Marché Atwater-Sud-Ouest, métro Lionel-Groulx-Georges Vanier, Centre-Ville Montréal/Downtown, rue ...",2025-09-25 15:53:41.077938
4.5 2sdb Condo neuf à louer Ville Marie tout inclus-Champlain,214000,2.0,City of Montréal,rental apartment for rent-appartement logement locatif a louer-2 bedrooms/chambres-4 1/2-2cc-metro Papineau-ville-marie-quartier des spectacles-vieux old montreal-pont jacques-cartier bridge ...,2025-09-25 15:53:41.078162
2.5 Studio condo à louer Ville-Marie metro Papineau-Champlain,147500,0.0,City of Montréal,rental apartment for rent-appartement neuf logement locatif-2 1/2-metro Papineau-ville-marie-quartier des spectacles-vieux old montreal-pont jacques-cartier bridge *PROMOTION: Recevez 1 mois gratuit .,2025-09-25 15:53:41.078403
5.5 condo appartement a louer Ville Saint Laurent-Leora,235000,3.0,City of Montréal,Apartment for rent logement locatif-3 chambres/bedrooms-5.5-5 1/2-3cc-VSL Montreal TMR-Vanier-metro du college de la savane LEORA: Condos locatifs à Ville Saint-Laurent 2125 rue Ward Bienvenue chez ..,2025-09-25 15:53:41.078650
PROMO-2.5 condo appartement neuf a louer-VILLE MARIE-Laurence,160000,0.0,Montreal,PROMO-rental apartment for rent logement locatif-nouveau new luxe-Studio 2.5 2 1/2 loft-Old Montreal Centreville Downtown Vieux Port Quartier International- Place dArmes PROMOTION: Recevez 1 mois de .,2025-09-25 15:53:41.079672
2.5 Studio Condo Appartement neuf à louer-Plateau 468sg,159000,0.0,City of Montréal,"Studio 2.5 2 1/2 Condo appartement à louer-logement locatif-apartment rental for rent Plateau-Mont-Royal, Mile-End, Montreal, métro Laurier-Terrasse sur le toit 468 rue Saint-Grégoire: 468sg est un ..",2025-09-25 15:53:41.080148
3.5 VACANT-Condo appartement 1cc à louer-Sud-Ouest-WillRich,180000,1.0,Montreal,"Logement locatif apartment for rent, 1cc 3 1/2, 1 bedroom/chambre, Griffintown-Canal Lachine, Centre-Ville Montréal/Downtown-Marché Atwater-métro Lionel-Groulx, George Vanier-rue Notre-Dame ...",2025-09-25 15:53:41.080752
5.5-2 ETAGES-Condo LOFT à louer-Plateau Mont-Royal 468sg,286000,3.0,Montreal,"3cc 3-bedroom/chambres 5.5 5-1/2 Condo appartement à louer-logement locatif-apartment rental for rent Plateau-Mont-Royal, Mile-End, Montreal, métro Laurier-Terrasse sur le toit #104-3 chambres et 2 ..",2025-09-25 15:53:41.081434
3.5 PROMO condo appartement neuf a louer-Vieux Port-Laurence,185000,1.0,Montreal,rental apartment for rent logement locatif-nouveau new luxe-1 bedroom/chambre-1cc 3.5 3 1/2 Penthouse loft-Old Montreal Centreville Downtown Ville-Marie Quartier International- Place dArmes ...,2025-09-25 15:53:41.081686
5.5 Appartement neuf à louer Plateau-Mont-Royal-Bloc Rivard,346000,3.0,City of Montréal,Condo rental apartment for rent-logement locatif-3 chambres/bedrooms-5.5-5 1/2-3cc-Plateau-Mont-Royal-Mile-End-Montreal-metros Laurier-Rosemont Saint-Denis-Parc Lafontaine Le Bloc Rivard: 5341-5343 ..,2025-09-25 15:53:41.081929
5.5 condo appartement neuf locatif Ville-Marie-Jacques,307500,3.0,Montreal,"rental apartment for rent-logement locatif a louer-3 bedrooms/chambres-5 1/2-3cc-metro Papineau-ville-marie-quartier des spectacles-vieux old montreal-pont jacques-cartier bridge, Sainte-Marie ...",2025-09-25 15:53:41.082153
2.5 condo appartement neuf locatif Ville-Marie-Jacques,140000,0.0,Montreal,"rental apartment for rent-logement locatif a louer-Studio-2 1/2-metro Papineau-ville-marie-quartier des spectacles-vieux old montreal-pont jacques-cartier bridge, Sainte-Marie PROMOTION: Recevez 1 ...",2025-09-25 15:53:41.082391
4.5 condo PENTHOUSE tout inclus a louer Sud Ouest-Griffin Square,305000,2.0,Montreal,"apartment for rent-appartement logement locatif neuf 4 1/2 2cc 2 chambres/bedrooms Griffintown-ALL INCLUDED-Southwest-cite multimedia-Canal Lachine-Centre-Ville Montréal/Downtown, Old-Port, ...",2025-09-25 15:53:41.082638
2.5 Studio condo tout inclus a louer Sud Ouest Griffin Square,152000,0.0,Montreal,Appartement a louer-logement locatif-apartment for rent-condo rental-2.5 2 1/2 Studio-Griffintown-Southwest-Sud oust-centre ville downtown-old port vieux montreal-cite multimedia-all included tout ...,2025-09-25 15:53:41.082869
